Workbook

Sheet Sheet2
A3: Count of Customer Number
A4: H.O. Code | B4: Total
A5: 1000089 | B5: 8 | C5: =VLOOKUP(A5,'[1]AR vs Collections 31.05.2025'!$B$566:$C$585,2,0) -> SHETA AL SAIF
A6: 1000013 | B6: 7 | C6: =VLOOKUP(A6,'[1]AR vs Collections 31.05.2025'!$B$566:$C$585,2,0) -> LULU
A7: 1000001 | B7: 7 | C7: C4
A8: 1000057 | B8: 6 | C8: =VLOOKUP(A8,'[1]AR vs Collections 31.05.2025'!$B$566:$C$585,2,0) -> AFAQ Q Tech General Trading LLC-Amazon
A9: 3000105 | B9: 6 | C9: =VLOOKUP(A9,'[1]AR vs Collections 31.05.2025'!$B$566:$C$585,2,0) -> EXTRA
A10: 2000633 | B10: 6 | C10: =VLOOKUP(A10,'[1]AR vs Collections 31.05.2025'!$B$566:$C$585,2,0) -> Bin Hamoud Saudi Trading Company
A11: 3000432 | B11: 5 | C11: Ajwa Al Yamamah
A12: 3000079 | B12: 5 | C12: Muhammad Jawad Saleh Muhammad
A13: 2000546 | B13: 5 | C13: Dharkam
A14: 3000433 | B14: 4 | C14: =VLOOKUP(A14,'[1]AR vs Collections 31.05.2025'!$B$566:$C$585,2,0) -> Mohamed Saleh Aldossary Co. Ltd
A15: 2000650 | B15: 4 | C15: Mohammed Hassan Omar Al Amoudi Trad
A16: 2000611 | B16: 4 | C16: Artal Arabia Limited Company
A17: 2000518 | B17: 4 | C17: Fakhamat Air Conditioning Est.
A18: 1000797 | B18: 4 | C18: Yousef Abdul Karim Mohammed
A19: 3000493 | B19: 4 | C19: شركة وهج الاصيل للمقاولات شركة شخص واحد
A20: 1000905 | B20: 4 | C20: Bandar Ali AlSudairi Trading Est
A21: 3000444 | B21: 4 | C21: =VLOOKUP(A21,Sheet4!A:B,2,0) -> Cold World Trading Est
A22: 1000480 | B22: 4 | C22: =VLOOKUP(A22,Sheet4!A:B,2,0) -> Black Box Co.
A23: 2000558 | B23: 4 | C23: =VLOOKUP(A23,Sheet4!A:B,2,0) -> Al Masa Mall Company for
A24: 1000639 | B24: 4 | C24: =VLOOKUP(A24,'[1]AR vs Collections 31.05.2025'!$B$566:$C$585,2,0) -> Noon Solution E-Commerce co
A25: 2000564 | B25: 4 | C25: =VLOOKUP(A25,Sheet4!A:B,2,0) -> Muhammad Fayez Ali Al Shehri Tradin
A26: 1000877 | B26: 4 | C26: =VLOOKUP(A26,Sheet4!A:B,2,0) -> Mumzworld Arabia Co for Business se
A27: 1000471 | B27: 4 | C27: =VLOOKUP(A27,'[1]AR vs Collections 31.05.2025'!$B$566:$C$585,2,0) -> AlManea Co, Ltd
A28: 3000439 | B28: 4 | C28: =VLOOKUP(A28,Sheet4!A:B,2,0) -> Al Othman Trading Limited Liability
A29: 2000576 | B29: 4 | C29: =VLOOKUP(A29,Sheet4!A:B,2,0) -> Diyar Al Fares Trading Company
A30: 2000594 | B30: 4 | C30: =VLOOKUP(A30,Sheet4!A:B,2,0) -> Khudair Abdul Rahman Muhammad
A31: 2000531 | B31: 4 | C31: =VLOOKUP(A31,Sheet4!A:B,2,0) -> United Vision Trading Company
A32: 1000795 | B32: 3 | C32: =VLOOKUP(A32,Sheet4!A:B,2,0) -> Al Rabee & Al Saif Trading Company
A33: 3000501 | B33: 3 | C33: =VLOOKUP(A33,Sheet4!A:B,2,0) -> Fahad Al Shamal Establishment for H
A34: 2000525 | B34: 3 | C34: =VLOOKUP(A34,Sheet4!A:B,2,0) -> Muhammad Misfer Hussein Al Musleh
A35: 1000888 | B35: 3 | C35: =VLOOKUP(A35,Sheet4!A:B,2,0) -> Silver Dome Trading Est
A36: 2000688 | B36: 3 | C36: =VLOOKUP(A36,Sheet4!A:B,2,0) -> Al Safwa Plus Electronic Devices Co
A37: 1000904 | B37: 3 | C37: =VLOOKUP(A37,Sheet4!A:B,2,0) -> Basil bin Fahd bin Miteb Al Mazyad
A38: 3000431 | B38: 3 | C38: =VLOOKUP(A38,Sheet4!A:B,2,0) -> Mirza Redha Al-Jashi General
A39: 1000793 | B39: 3 | C39: =VLOOKUP(A39,Sheet4!A:B,2,0) -> Al Rowad Electronics Company
A40: 3000438 | B40: 3 | C40: Saleh & Abdul Wahab Al Mousa
A41: 1000920 | B41: 3 | C41: =VLOOKUP(A41,Sheet4!A:B,2,0) -> Qasr Al Awani Company closed Saudi
A42: 1000079 | B42: 3 | C42: =VLOOKUP(A42,Sheet4!A:B,2,0) -> Carrefour Saudi Hypermarkets Co
A43: 1000924 | B43: 3 | C43: =VLOOKUP(A43,Sheet4!A:B,2,0) -> Firstcry Trading Company one person
A44: 2000514 | B44: 3 | C44: =VLOOKUP(A44,Sheet4!A:B,2,0) -> Tafaroud Alroyah Co. for Investment
A45: 2000604 | B45: 3 | C45: Ali Muhammad Al Mayouf Al
A46: 3000427 | B46: 3 | C46: =VLOOKUP(A46,Sheet4!A:B,2,0) -> Mohammed Bin Eid Al Khater and Brot
A47: 2000606 | B47: 3 | C47: =VLOOKUP(A47,Sheet4!A:B,2,0) -> Al Wefaq Platinum Limited Company
A48: 2000524 | B48: 3 | C48: =VLOOKUP(A48,Sheet4!A:B,2,0) -> Asad Company Limited
A49: 1001001 | B49: 3 | C49: =VLOOKUP(A49,Sheet4!A:B,2,0) -> AL SARIYAH AL HADITHA For Trading C
A50: 3000437 | B50: 3 | C50: =VLOOKUP(A50,Sheet4!A:B,2,0) -> Khotwa Istebaqia Est. for Trading
A51: 2000629 | B51: 3 | C51: =VLOOKUP(A51,'[1]AR vs Collections 31.05.2025'!$B$566:$C$585,2,0) -> Bin Momen Trading Company
A52: 1000185 | B52: 3 | C52: =VLOOKUP(A52,'[1]AR vs Collections 31.05.2025'!$B$566:$C$585,2,0) -> JARIR BOOK STORES
A53: 2000215 | B53: 3 | C53: =VLOOKUP(A53,'[1]AR vs Collections 31.05.2025'!$B$566:$C$585,2,0) -> AHMED ABDUL WAHED - HO
A54: 3000472 | B54: 3 | C54: =VLOOKUP(A54,Sheet4!A:B,2,0) -> Al Motamakin Trading Est
A55: 2000647 | B55: 3 | C55: =VLOOKUP(A55,Sheet4!A:B,2,0) -> Muhammad Ibrahim Abdullah Falqi Tra
A56: 2000498 | B56: 3 | C56: =VLOOKUP(A56,'[1]AR vs Collections 31.05.2025'!$B$566:$C$585,2,0) -> Tamkeen International for Home
A57: 3000509 | B57: 3 | C57: =VLOOKUP(A57,Sheet4!A:B,2,0) -> Al Roya Al Barda for Refrigeration
A58: 2000543 | B58: 3 | C58: =VLOOKUP(A58,Sheet4!A:B,2,0) -> Al Maslahi Trading Company
A59: 2000574 | B59: 3 | C59: =VLOOKUP(A59,Sheet4!A:B,2,0) -> Modern Trading Center Company
A60: 2000755 | B60: 2 | C60: =VLOOKUP(A60,'[1]AR vs Collections 31.05.2025'!$B$566:$C$585,2,0) -> Al Wakeel General Trading Company
A61: 2000617 | B61: 2 | C61: =VLOOKUP(A61,Sheet4!A:B,2,0) -> Ahmed Ibrahim Yahya Shayba Establis
A62: 3000463 | B62: 2 | C62: =VLOOKUP(A62,Sheet4!A:B,2,0) -> Nasser Al Moubayed Sons Trading Com
A63: 1000915 | B63: 2 | C63: =VLOOKUP(A63,Sheet4!A:B,2,0) -> Modern House Trading Est
A64: 1000798 | B64: 2 | C64: =VLOOKUP(A64,Sheet4!A:B,2,0) -> Hussain Fahad Metaab AlMaziad
A65: 1000559 | B65: 2 | C65: =VLOOKUP(A65,'[1]AR vs Collections 31.05.2025'!$B$566:$C$585,2,0) -> SAUDI TELECOM COMPANY
A66: 1000852 | B66: 2 | C66: AlNukhbah Home Appliances Est
A67: 1000950 | B67: 2 | C67: Najem Alagheza trading company one
A68: 2000596 | B68: 2 | C68: Muhammad Omar Saeed Bafeel Trading
A69: 1001008 | B69: 2 | C69: =VLOOKUP(A69,Sheet4!A:B,2,0) -> TRENDYOL AL ARABIA For Trading Comp
A70: 2000630 | B70: 2 | C70: =VLOOKUP(A70,Sheet4!A:B,2,0) -> Laser Trading Est
A71: 1001017 | B71: 2 | C71: =VLOOKUP(A71,Sheet4!A:B,2,0) -> Electronics House Trading Est
A72: 1000872 | B72: 2 | C72: =VLOOKUP(A72,Sheet4!A:B,2,0) -> ASHKAAL TRADING EST
A73: 1001024 | B73: 2 | C73: =VLOOKUP(A73,Sheet4!A:B,2,0) -> The Saudi Company for Tools and Har
A74: 3000429 | B74: 2 | C74: =VLOOKUP(A74,Sheet4!A:B,2,0) -> Ayman Ahmed Ali Al-Jarafi
A75: 2000239 | B75: 2 | C75: =VLOOKUP(A75,Sheet4!A:B,2,0) -> Ehsas Al Salam Trading Co.
A76: 1000857 | B76: 2 | C76: =VLOOKUP(A76,Sheet4!A:B,2,0) -> Cold Corner Company for selling
A77: 2000293 | B77: 2 | C77: =VLOOKUP(A77,Sheet4!A:B,2,0) -> First Business Company
A78: 1000869 | B78: 2 | C78: =VLOOKUP(A78,Sheet4!A:B,2,0) -> Daerah Al Hadaf Trading Est
A79: 2000443 | B79: 2 | C79: Danube Company -HO
A80: 2000609 | B80: 2 | C80: =VLOOKUP(A80,Sheet4!A:B,2,0) -> Jawharat Al Janoub Trading Company
A81: 2000511 | B81: 2 | C81: Al Ofoq Al Mumayaz Home Appliances
A82: 2000624 | B82: 2 | C82: =VLOOKUP(A82,Sheet4!A:B,2,0) -> Osmantec Trading Company
A83: 2000527 | B83: 2 | C83: =VLOOKUP(A83,Sheet4!A:B,2,0) -> Al'afdal Modern Trading Company
A84: 2000631 | B84: 2 | C84: =VLOOKUP(A84,Sheet4!A:B,2,0) -> Alaa Abdullah Abdul Wahid Al Ghamdi
A85: 2000536 | B85: 2 | C85: =VLOOKUP(A85,Sheet4!A:B,2,0) -> Naabi Trading Company
A86: 1000803 | B86: 2 | C86: Abdullah Saleh Alsultan and Sons Co
A87: 2000537 | B87: 2 | C87: =VLOOKUP(A87,Sheet4!A:B,2,0) -> Saif Mansoor Al Harbi Est.
A88: 2000696 | B88: 2 | C88: =VLOOKUP(A88,Sheet4!A:B,2,0) -> Blue Smart Company for Electronic D
A89: 2000538 | B89: 2 | C89: =VLOOKUP(A89,Sheet4!A:B,2,0) -> Qimmat Maysan Home Appliances
A90: 1000815 | B90: 2 | C90: Wahba Trading Co. Ltd_CAV
A91: 2000544 | B91: 2 | C91: =VLOOKUP(A91,Sheet4!A:B,2,0) -> Kaya Alowla Trading Company
A92: 1000830 | B92: 2 | C92: =VLOOKUP(A92,Sheet4!A:B,2,0) -> Alinthalaq Trading Establishment
A93: 2000556 | B93: 2 | C93: =VLOOKUP(A93,Sheet4!A:B,2,0) -> Lamsa al Hawa Al Asri Trading Co
A94: 3000443 | B94: 2 | C94: =VLOOKUP(A94,Sheet4!A:B,2,0) -> AlAmakin Group of Companies Ltd.
A95: 2000562 | B95: 2 | C95: Muthalath Al Ruwad Home
A96: 3000458 | B96: 2 | C96: =VLOOKUP(A96,Sheet4!A:B,2,0) -> AL MOTAWA TRADING COMPANY
A97: 1000769 | B97: 2 | C97: GeeKay Advanced Trading Company
A98: 1000865 | B98: 2 | C98: Oasis Air Conditioning Trading Comp
A99: 2000567 | B99: 2 | C99: =VLOOKUP(A99,Sheet4!A:B,2,0) -> Emtyaz Al Reyadah Trading Est.
A100: 1000787 | B100: 2 | C100: Nojoom International Trading Est.
A101: 1000808 | B101: 2 | C101: Al Jawhara Ibrahim Al Muqbel Tradin
A102: 7000028 | B102: 1 | C102: =VLOOKUP(A102,Sheet1!A:B,2,0) -> The Copyright Promotions Licensing
...

Sheet Sheet3
A3: Count of Customer Name
A4: H.O. Code | B4: Customer Name | C4: Total
A5: 1000001 | B5: C4 Flamingo Mall - Jeddah III | C5: 1
A6: 1000001 | B6: C4 Sulamaniya Mall | C6: 1
A7: 1000001 | B7: C4 Madinah | C7: 1
A8: 1000001 | B8: C4 Granada | C8: 1
A9: 1000001 | B9: C4 WEST AVENUE MALL - DAMMAM | C9: 1
A10: 1000001 | B10: C4 Khurais | C10: 1
A11: 1000001 | B11: C4 Leemall | C11: 1
A12: 1000013 | B12: LuLu Jeddah -Gaming | C12: 1
A13: 1000013 | B13: Lulu Saudi Hypermarkets LLC – ESD | C13: 1
A14: 1000013 | B14: LuLu Central WH -Riyadh (CAV) | C14: 1
A15: 1000013 | B15: LuLu Khobar -Gaming | C15: 1
A16: 1000013 | B16: Saudi LULU Co. for Hypermarkets | C16: 1
... A307: 1400006100 | B307: Electronics & Systems Holding Company | C307: 1
A308: DAMAM | B308: Dammam Showroom | C308: 1
A309: DAMAM2 | B309: Dammam 2 Showroom | C309: 1
A310: DS01 | B310: La3eb | C310: 1
A311: GRNAD | B311: Granada Mall Showroom | C311: 1
A312: HASSA | B312: Hassa Showroom | C312: 1
A313: JS02 | B313: MECL-JED Tabuk Showroom | C313: 1
A314: JS07 | B314: MECL-JED-Khamis Mushayat Showroom | C314: 1
A315: JS15 | B315: MECL-JED-La Terra Mall Sh | C315: 1
A316: KFAHD | B316: King Fahd Showroom | C316: 1
A317: KS01 | B317: MECL-KHB-King Fahd Showroom | C317: 1
A318: KS03 | B318: MECL-KHB-Dammam Showroom | C318: 1
A319: KS04 | B319: MECL-KHB-Al Hassa Showroo | C319: 1
... A336: WAROOD | B336: MECL-RYD-Warood Showroom | C336: 1
A337: Grand Total | C337: 464

Sheet Sheet4
A1: H.O. Code | B1: Customer Name | C1: Total
A2: 1000057 | B2: AFAQ Q Tech General Trading LLC | C2: 5
A3: 1000079 | B3: Carrefour Saudi Hypermarkets Co | C3: 3
A4: 1000089 | B4: Sheta & Al Saif Trading Company | C4: 5
A5: 1000471 | B5: Hamad Bin Abdullah Bin Sulaiman Almanea | C5: 2
A6: 1000471 | B6: Hamad Abdullah Bin Suleman Almanea | C6: 2
A7: 1000480 | B7: Black Box Co. | C7: 2
A8: 1000639 | B8: Noon E Commerce Solutions | C8: 3
A9: 1000793 | B9: Al Rowad Electronics Company | C9: 3
A10: 1000795 | B10: Al Rabee & Al Saif Trading Company | C10: 2
A11: 1000797 | B11: Yousef Abdul Karim Mohammed | C11: 3
A12: 1000798 | B12: Hussain Fahad Metaab AlMaziad | C12: 2
A13: 1000830 | B13: Alinthalaq Trading Establishment | C13: 2
... A87: 3000509 | B87: Al Roya Al Barda for Refrigeration | C87: 3
A88: Grand Total | C88: 464

Sheet Sheet1
A1: Customer Number | B1: Customer Name | C1: H.O. Code | D1: H.O Name
A2: 3000493 | B2: شركة وهج الاصيل للمقاولات شركة شخص واحد | C2: 3000493 | D2: =VLOOKUP(C2,Sheet2!A:C,3,0) -> شركة وهج الاصيل للمقاولات شركة شخص واحد
A3: 3000494 | B3: شركة وهج الاصيل للمقاولات شركة شخص واحد | C3: 3000493 | D3: =VLOOKUP(C3,Sheet2!A:C,3,0) -> شركة وهج الاصيل للمقاولات شركة شخص واحد
A4: 3000495 | B4: شركة وهج الاصيل للمقاولات شركة شخص واحد | C4: 3000493 | D4: =VLOOKUP(C4,Sheet2!A:C,3,0) -> شركة وهج الاصيل للمقاولات شركة شخص واحد
A5: 3000496 | B5: شركة وهج الاصيل للمقاولات شركة شخص واحد | C5: 3000496 | D5: =VLOOKUP(C5,Sheet2!A:C,3,0) -> شركة وهج الاصيل للمقاولات شركة شخص واحد
A6: 3000507 | B6: شركة وهج الاصيل للمقاولات شركة شخص واحد | C6: 3000493 | D6: =VLOOKUP(C6,Sheet2!A:C,3,0) -> شركة وهج الاصيل للمقاولات شركة شخص واحد
A7: 1000796 | B7: شركة هواوي تك. انفستمنت العربية | C7: + | D7: =VLOOKUP(C7,Sheet2!A:C,3,0) -> #N/A
A8: 1000565 | B8: Zill Najd Trading Co. | C8: 1000565 | D8: =VLOOKUP(C8,Sheet2!A:C,3,0) -> Zill Najd Trading Co.
A9: 1000979 | B9: Zension Saudi Information | C9: 1000979 | D9: =VLOOKUP(C9,Sheet2!A:C,3,0) -> Zension Saudi Information
A10: 2000422 | B10: Zelal al jasmin Trading | C10: 2000422 | D10: =VLOOKUP(C10,Sheet2!A:C,3,0) -> Zelal al jasmin Trading
A11: 1000790 | B11: Zed Game Trading Company | C11: 1000790 | D11: =VLOOKUP(C11,Sheet2!A:C,3,0) -> Zed Game Trading Company
A12: 2000113 | B12: Zaid First Trading Company | C12: 2000113 | D12: =VLOOKUP(C12,Sheet2!A:C,3,0) -> Zaid First Trading Company
A13: 2000738 | B13: Zagzoog For Home Appliances Co LTD | C13: 2000738 | D13: =VLOOKUP(C13,Sheet2!A:C,3,0) -> Zagzoog For Home Appliances Co LTD
A14: 3000434 | B14: Youssef Abdel Wahab Al Mousa | C14: 3000434 | D14: =VLOOKUP(C14,Sheet2!A:C,3,0) -> Youssef Abdel Wahab Al Mousa
A15: 1000797 | B15: Yousef Abdul Karim Mohammed | C15: 1000797 | D15: =VLOOKUP(C15,Sheet2!A:C,3,0) -> Yousef Abdul Karim Mohammed
A16: 1000859 | B16: Yousef Abdul Karim Mohammed | C16: 1000797 | D16: =VLOOKUP(C16,Sheet2!A:C,3,0) -> Yousef Abdul Karim Mohammed
A17: 1000885 | B17: Yousef Abdul Karim Mohammed | C17: 1000797 | D17: =VLOOKUP(C17,Sheet2!A:C,3,0) -> Yousef Abdul Karim Mohammed
A18: 1001014 | B18: مؤسسة يوسف عبد الكريم محمد الحركان التج | C18: 1000797 | D18: =VLOOKUP(C18,Sheet2!A:C,3,0) -> Yousef Abdul Karim Mohammed
A19: 1000764 | B19: YouGotaGift | C19: 1000764 | D19: =VLOOKUP(C19,Sheet2!A:C,3,0) -> YouGotaGift
... A51: 2000625 | B51: Tafaroud AlRoyah Co for Investment | C51: 2000514 | D51: =VLOOKUP(C51,Sheet2!A:C,3,0) -> Tafaroud Alroyah Co. for Investment
A52: TABUK | B52: Tabuk Showroom | C52: TABUK | D52: =VLOOKUP(C52,Sheet2!A:C,3,0) -> Tabuk Showroom
A53: 2000534 | B53: Summer Breeze Trading Company | C53: 2000534 | D53: =VLOOKUP(C53,Sheet2!A:C,3,0) -> Summer Breeze Trading Company
A54: 2000006 | B54: Sultan Bawahab_Binzagar St | C54: 2000006 | D54: =VLOOKUP(C54,Sheet2!A:C,3,0) -> Sultan Bawahab_Binzagar St
A55: 1000819 | B55: Sroor Obaid Alhamazani | C55: 1000819 | D55: =VLOOKUP(C55,Sheet2!A:C,3,0) -> Sroor Obaid Alhamazani
A56: OC01 | B56: SONYWORLD.SA | C56: OC01 | D56: =VLOOKUP(C56,Sheet2!A:C,3,0) -> SONYWORLD.SA
A57: RS17 | B57: Sony Showroom Warood | C57: RS17 | D57: =VLOOKUP(C57,Sheet2!A:C,3,0) -> Sony Showroom Warood
A58: 7000001 | B58: Sony Middle East And Africa | C58: 7000001 | D58: =VLOOKUP(C58,Sheet2!A:C,3,0) -> Sony Middle East And Africa
A59: 7000004 | B59: Sony Interactive Entertainment Europe | C59: 7000004 | D59: =VLOOKUP(C59,Sheet2!A:C,3,0) -> Sony Interactive Entertainment Europe
A60: 2000602 | B60: Somaya Mohammed Al-Ghamdi | C60: 2000602 | D60: =VLOOKUP(C60,Sheet2!A:C,3,0) -> Somaya Mohammed Al-Ghamdi
A61: 1001027 | B61: Smart Sources Company | C61: 1001027 | D61: =VLOOKUP(C61,Sheet2!A:C,3,0) -> Smart Sources Company
A62: 2000587 | B62: Smart Air Conditioning Corner | C62: 2000587 | D62: =VLOOKUP(C62,Sheet2!A:C,3,0) -> Smart Air Conditioning Corner
A63: 1000888 | B63: Silver Dome Trading Est | C63: 1000888 | D63: =VLOOKUP(C63,Sheet2!A:C,3,0) -> Silver Dome Trading Est
A64: 1001028 | B64: Silver Dome Trading Est | C64: 1000888 | D64: =VLOOKUP(C64,Sheet2!A:C,3,0) -> Silver Dome Trading Est
A65: 1001029 | B65: Silver Dome Trading Est | C65: 1000888 | D65: =VLOOKUP(C65,Sheet2!A:C,3,0) -> Silver Dome Trading Est
A66: 1000089 | B66: Sheta & Al Saif Trading Company | C66: 1000089 | D66: =VLOOKUP(C66,Sheet2!A:C,3,0) -> SHETA AL SAIF
A67: 1000598 | B67: Sheta & Al Saif Trading Company | C67: 1000089 | D67: =VLOOKUP(C67,Sheet2!A:C,3,0) -> SHETA AL SAIF
A68: 1000794 | B68: Sheta & Al Saif Trading Company | C68: 1000089 | D68: =VLOOKUP(C68,Sheet2!A:C,3,0) -> SHETA AL SAIF
A69: 1000801 | B69: Sheta & Al Saif Trading Company | C69: 1000089 | D69: =VLOOKUP(C69,Sheet2!A:C,3,0) -> SHETA AL SAIF
... A172: 3000478 | B172: Mirza Redha Al Jishi General Contra | C172: 3000431 | D172: =VLOOKUP(C172,Sheet2!A:C,3,0) -> Mirza Redha Al-Jashi General
A173: MESTORES | B173: Mestores.com | C173: MESTORES | D173: =VLOOKUP(C173,Sheet2!A:C,3,0) -> Mestores.com
A174: RS97 | B174: Mestores Online Store | C174: RS97 | D174: =VLOOKUP(C174,Sheet2!A:C,3,0) -> Mestores Online Store
A175: 1000889 | B175: Mehour Air Conditioning Co for Home | C175: 1000889 | D175: =VLOOKUP(C175,Sheet2!A:C,3,0) -> Mehour Air Conditioning Co for Home
A176: WAROOD | B176: MECL-RYD-Warood Showroom | C176: WAROOD | D176: =VLOOKUP(C176,Sheet2!A:C,3,0) -> MECL-RYD-Warood Showroom
A177: RS11 | B177: MECL-RYD-Granada Center Showroom | C177: RS11 | D177: =VLOOKUP(C177,Sheet2!A:C,3,0) -> MECL-RYD-Granada Center Showroom
A178: RS06 | B178: MECL-RYD-Dar Al Wakalat Showroom | C178: RS06 | D178: =VLOOKUP(C178,Sheet2!A:C,3,0) -> MECL-RYD-Dar Al Wakalat Showroom
A179: RS04 | B179: MECL-RYD-Batha Showroom | C179: RS04 | D179: =VLOOKUP(C179,Sheet2!A:C,3,0) -> MECL-RYD-Batha Showroom
A180: KS15 | B180: MECL-KHB-RAKA Showroom | C180: KS15 | D180: =VLOOKUP(C180,Sheet2!A:C,3,0) -> MECL-KHB-RAKA Showroom
A181: KS01 | B181: MECL-KHB-King Fahd Showroom | C181: KS01 | D181: =VLOOKUP(C181,Sheet2!A:C,3,0) -> MECL-KHB-King Fahd Showroom
A182: KS03 | B182: MECL-KHB-Dammam Showroom | C182: KS03 | D182: =VLOOKUP(C182,Sheet2!A:C,3,0) -> MECL-KHB-Dammam Showroom
A183: KS14 | B183: MECL-KHB-Dammam 2 FAISALI | C183: KS14 | D183: =VLOOKUP(C183,Sheet2!A:C,3,0) -> MECL-KHB-Dammam 2 FAISALI
A184: KS04 | B184: MECL-KHB-Al Hassa Showroo | C184: KS04 | D184: =VLOOKUP(C184,Sheet2!A:C,3,0) -> MECL-KHB-Al Hassa Showroo
A185: JS15 | B185: MECL-JED-La Terra Mall Sh | C185: JS15 | D185: =VLOOKUP(C185,Sheet2!A:C,3,0) -> MECL-JED-La Terra Mall Sh
A186: JS07 | B186: MECL-JED-Khamis Mushayat Showroom | C186: JS07 | D186: =VLOOKUP(C186,Sheet2!A:C,3,0) -> MECL-JED-Khamis Mushayat Showroom
A187: JS02 | B187: MECL-JED Tabuk Showroom | C187: JS02 | D187: =VLOOKUP(C187,Sheet2!A:C,3,0) -> MECL-JED Tabuk Showroom
A188: KS16 | B188: MECL-DAM-Aziziyah HA01 | C188: KS16 | D188: =VLOOKUP(C188,Sheet2!A:C,3,0) -> MECL-DAM-Aziziyah HA01
A189: 5000045 | B189: MECL-CR-RYD HA SVC | C189: 5000045 | D189: =VLOOKUP(C189,Sheet2!A:C,3,0) -> MECL-CR-RYD HA SVC
A190: RS96 | B190: MECL Ecommerce | C190: RS96 | D190: =VLOOKUP(C190,Sheet2!A:C,3,0) -> MECL Ecommerce
A191: 7000037 | B191: MEA Brands DMCC | C191: 7000037 | D191: =VLOOKUP(C191,Sheet2!A:C,3,0) -> MEA Brands DMCC
A192: 5000040 | B192: MAQASHA Trading Est. | C192: 5000040 | D192: =VLOOKUP(C192,Sheet2!A:C,3,0) -> MAQASHA Trading Est.
A193: 1000988 | B193: Manarat Ebla Company Ltd | C193: 1000988 | D193: =VLOOKUP(C193,Sheet2!A:C,3,0) -> Manarat Ebla Company Ltd
A194: 2000627 | B194: Majed Golden Trading Company | C194: 2000627 | D194: =VLOOKUP(C194,Sheet2!A:C,3,0) -> Majed Golden Trading Company
A195: 7000031 | B195: M M R General Trading L.L.C | C195: 7000031 | D195: =VLOOKUP(C195,Sheet2!A:C,3,0) -> M M R General Trading L.L.C
A196: 1000590 | B196: Saudi LULU Co. for Hypermarkets | C196: 1000013 | D196: =VLOOKUP(C196,Sheet2!A:C,3,0) -> LULU
A197: 1000596 | B197: Lulu Saudi Hypermarkets LLC – ESD | C197: 1000013 | D197: =VLOOKUP(C197,Sheet2!A:C,3,0) -> LULU
A198: 1000618 | B198: LuLu Central WH -Riyadh (CAV) | C198: 1000013 | D198: =VLOOKUP(C198,Sheet2!A:C,3,0) -> LULU
A199: 2000396 | B199: LuLu Jeddah -Gaming | C199: 1000013 | D199: =VLOOKUP(C199,Sheet2!A:C,3,0) -> LULU
A200: 2000411 | B200: LuLu Central WH -Jeddah (CAV) | C200: 1000013 | D200: =VLOOKUP(C200,Sheet2!A:C,3,0) -> LULU
A201: 3000377 | B201: LuLu Khobar -Gaming | C201: 1000013 | D201: =VLOOKUP(C201,Sheet2!A:C,3,0) -> LULU
A202: 3000389 | B202: LuLu Central WH -Khobar (CAV) | C202: 1000013 | D202: =VLOOKUP(C202,Sheet2!A:C,3,0) -> LULU
A203: RL01 | B203: Level-UP | C203: RL01 | D203: =VLOOKUP(C203,Sheet2!A:C,3,0) -> Level-UP
A204: 2000630 | B204: Laser Trading Est | C204: 2000630 | D204: =VLOOKUP(C204,Sheet2!A:C,3,0) -> Laser Trading Est
A205: 2000719 | B205: Laser Trading Est | C205: 2000630 | D205: =VLOOKUP(C205,Sheet2!A:C,3,0) -> Laser Trading Est
A206: 2000556 | B206: Lamsa al Hawa Al Asri Trading Co | C206: 2000556 | D206: =VLOOKUP(C206,Sheet2!A:C,3,0) -> Lamsa al Hawa Al Asri Trading Co
A207: 2000561 | B207: Lamsa Al Hawa Al Asri Trading Co | C207: 2000556 | D207: =VLOOKUP(C207,Sheet2!A:C,3,0) -> Lamsa al Hawa Al Asri Trading Co
A208: 3000336 | B208: LAITH AL ARAB TRAD EST | C208: 3000336 | D208: =VLOOKUP(C208,Sheet2!A:C,3,0) -> LAITH AL ARAB TRAD EST
A209: 1400005800 | B209: La3eb Limited Company | C209: 1400005800 | D209: =VLOOKUP(C209,Sheet2!A:C,3,0) -> La3eb Limited Company
A210: DS01 | B210: La3eb | C210: DS01 | D210: =VLOOKUP(C210,Sheet2!A:C,3,0) -> La3eb
A211: LATER | B211: La Terra Showroom | C211: LATER | D211: =VLOOKUP(C211,Sheet2!A:C,3,0) -> La Terra Showroom
A212: 5000043 | B212: KUTAYBA YUSUF ALGHANIM AND PARTNERS | C212: 1000422 | D212: =VLOOKUP(C212,Sheet2!A:C,3,0) -> KUTAYBA YUSUF ALGHANIM AND PARTNERS
A213: KFAHD | B213: King Fahd Showroom | C213: KFAHD | D213: =VLOOKUP(C213,Sheet2!A:C,3,0) -> King Fahd Showroom
A214: 2000557 | B214: Khudair Abdul Rahman Al Shehri | C214: 2000594 | D214: =VLOOKUP(C214,Sheet2!A:C,3,0) -> Khudair Abdul Rahman Muhammad
A215: 2000594 | B215: Khudair Abdul Rahman Al Shehri | C215: 2000594 | D215: =VLOOKUP(C215,Sheet2!A:C,3,0) -> Khudair Abdul Rahman Muhammad
A216: 2000713 | B216: Khudair Abdul Rahman Muhammad | C216: 2000594 | D216: =VLOOKUP(C216,Sheet2!A:C,3,0) -> Khudair Abdul Rahman Muhammad
A217: 2000714 | B217: Khudair Abdul Rahman Muhammad | C217: 2000594 | D217: =VLOOKUP(C217,Sheet2!A:C,3,0) -> Khudair Abdul Rahman Muhammad
A218: 3000437 | B218: Khotwa Istebaqia Est. for Trading | C218: 3000437 | D218: =VLOOKUP(C218,Sheet2!A:C,3,0) -> Khotwa Istebaqia Est. for Trading
A219: 3000453 | B219: Khotwa Istebaqia Est. for Trading | C219: 3000437 | D219: =VLOOKUP(C219,Sheet2!A:C,3,0) -> Khotwa Istebaqia Est. for Trading
A220: 3000464 | B220: Khotwa Istebaqia Est for Trading | C220: 3000437 | D220: =VLOOKUP(C220,Sheet2!A:C,3,0) -> Khotwa Istebaqia Est. for Trading
A221: 2000544 | B221: Kaya Alowla Trading Company | C221: 2000544 | D221: =VLOOKUP(C221,Sheet2!A:C,3,0) -> Kaya Alowla Trading Company
A222: 2000565 | B222: Kaya Alowla Trading Company | C222: 2000544 | D222: =VLOOKUP(C222,Sheet2!A:C,3,0) -> Kaya Alowla Trading Company
A223: 1000707 | B223: Kabsat Al Taqnyah for Trading & | C223: 1000707 | D223: =VLOOKUP(C223,Sheet2!A:C,3,0) -> Kabsat Al Taqnyah for Trading &
A224: 1000836 | B224: Jonon Allobah Trading Company | C224: 1000836 | D224: =VLOOKUP(C224,Sheet2!A:C,3,0) -> Jonon Allobah Trading Company
A225: 2000609 | B225: Jawharat Al Janoub Trading Company | C225: 2000609 | D225: =VLOOKUP(C225,Sheet2!A:C,3,0) -> Jawharat Al Janoub Trading Company
... A235: 7000022 | B235: Hisense Electronics LLC | C235: 7000022 | D235: =VLOOKUP(C235,Sheet2!A:C,3,0) -> Hisense Electronics LLC
A236: HASSA | B236: Hassa Showroom | C236: HASSA | D236: =VLOOKUP(C236,Sheet2!A:C,3,0) -> Hassa Showroom
A237: 1000255 | B237: Gulf Co for Direct Distribution | C237: 1000255 | D237: =VLOOKUP(C237,Sheet2!A:C,3,0) -> Gulf Co for Direct Distribution
A238: GRNAD | B238: Granada Mall Showroom | C238: GRNAD | D238: =VLOOKUP(C238,Sheet2!A:C,3,0) -> Granada Mall Showroom
A239: 2000595 | B239: Ghassan Trading Company | C239: 2000595 | D239: =VLOOKUP(C239,Sheet2!A:C,3,0) -> Ghassan Trading Company
A240: 2000455 | B240: Al-Mustaghebel Al-Assasiyah | C240: 2000455 | D240: =VLOOKUP(C240,Sheet2!A:C,3,0) -> Ghadeer Abdullah Al-Salem Trading
A241: 1000769 | B241: GeeKay Advanced Trading Company | C241: 1000769 | D241: =VLOOKUP(C241,Sheet2!A:C,3,0) -> GeeKay Advanced Trading Company
A242: 1000770 | B242: GeeKay Advanced Trading Company-ESD | C242: 1000769 | D242: =VLOOKUP(C242,Sheet2!A:C,3,0) -> GeeKay Advanced Trading Company
...
