Workbook

Sheet SellOut
A1: Transection Date | B1: Cust-SKU | C1: MEC-SKU | D1: SellOutQty
A2: 45949 | B2: =IFERROR(IF(C2="","",VLOOKUP(C2,SKU_Map!$A$2:$B$2,2,FALSE)),"") -> 0 | C2: ADL32JMSACP | D2: 1
B3: =IFERROR(IF(C3="","",VLOOKUP(C3,SKU_Map!$A$2:$B$2,2,FALSE)),"")
B4: =IFERROR(IF(C4="","",VLOOKUP(C4,SKU_Map!$A$2:$B$2,2,FALSE)),"")
B5: =IFERROR(IF(C5="","",VLOOKUP(C5,SKU_Map!$A$2:$B$2,2,FALSE)),"")
B6: =IFERROR(IF(C6="","",VLOOKUP(C6,SKU_Map!$A$2:$B$2,2,FALSE)),"")
B7: =IFERROR(IF(C7="","",VLOOKUP(C7,SKU_Map!$A$2:$B$2,2,FALSE)),"")
B8: =IFERROR(IF(C8="","",VLOOKUP(C8,SKU_Map!$A$2:$B$2,2,FALSE)),"")
B9: =IFERROR(IF(C9="","",VLOOKUP(C9,SKU_Map!$A$2:$B$2,2,FALSE)),"")
B10: =IFERROR(IF(C10="","",VLOOKUP(C10,SKU_Map!$A$2:$B$2,2,FALSE)),"")
B11: =IFERROR(IF(C11="","",VLOOKUP(C11,SKU_Map!$A$2:$B$2,2,FALSE)),"")
B12: =IFERROR(IF(C12="","",VLOOKUP(C12,SKU_Map!$A$2:$B$2,2,FALSE)),"")
B13: =IFERROR(IF(C13="","",VLOOKUP(C13,SKU_Map!$A$2:$B$2,2,FALSE)),"")
B14: =IFERROR(IF(C14="","",VLOOKUP(C14,SKU_Map!$A$2:$B$2,2,FALSE)),"")
... B1000: =IFERROR(IF(C1000="","",VLOOKUP(C1000,SKU_Map!$A$2:$B$2,2,FALSE)),"")

Sheet SKU_Map
A1: MEC-SKU | B1: Cust-SKU
A2: ADL32JMSACP

Sheet Info
A1: Key | B1: Value
A2: GeneratedAt | B2: 2025-10-19T12:23:39+03:00Z
A3: CustomerID | B3: 931
A4: BrandFilter | B4: ADMIRAL
A5: Source | B5: Blank
A6: DateWindow | B6: 2024-01-01..2025-10-19
